Tags,Count
twitch,39
pokemon,30
emulator,23
tpp,22
twitch plays pokemon,22
save file,18
chat,15
twitchplayspokemon,15
log,14
podcast,10
video games,10
Pokemon,9
Twitch,7
Podcast,5
Gaming,4
Pokémon Trading Card Game Online,4
Vito Gesualdi,4
VitoZone,4
Youtube,4
live stream,4
video,4
Persona,3
Plays,3
gaming,3
projectrevotpp,3
3 Hit Combo Podcast,2
Comedy,2
Funny,2
Games,2
News,2
Pinball,2
Rare Ltd.,2
Technology,2
The RWP,2
The Rare Witch Roundtable,2
Twitch Plays Pokemon,2
Twitch plays pokemon,2
Video Games,2
Xbox,2
anime,2
democracy,2
geek,2
nerds,2
news,2
revo,2
screenshot,2
#swag,1
160315sfn,1
3 hit combo podcast,1
Blizzard,1
Chroma,1
Computer Security,1
Craig calls technology,1
DC-24,1
DC24,1
DEF CON,1
DEF CON 24,1
DEFCON,1
Defcon 24,1
Destiny,1
Doom,1
Dota 2,1
Double Fine,1
Dragon Age Inquisition,1
EA,1
Factoria,1
Fallout 4,1
Fig,1
GameTrailers,1
Gameplay pokemon go - Twitch Plays Pokemon Go,1
Gameplay pokemon go - teespring com [Summit1G],1
Gjallarhorn,1
HD television,1
Hacker Conference,1
Hacking,1
Hardware hacking,1
Hearthstone,1
Hot pockets,1
Insert Coin: Inside Midway's 90's Revolution,1
Irrational Games,1
J#SM,1
Jolly #Swag Men,1
Jolly Swag Men,1
Kickstart,1
League of Legends,1
Limbo,1
Lockpicking,1
Mega Man 3,1
Mindcrack,1
Moscone West,1
Naughty Dog,1
News & Politics,1
Nindies Night,1
Nintendo,1
Paris Games Week,1
Pax,1
Pax Prime,1
People & Blogs,1
PlayStation,1
Pokemon Omega Ruby and Alpha sapphire,1
Pokemon X and Y,1
Pokemon memes,1
Pokemon memes 1,1
Pokemon memes 2014,1
Pokemon memes 5,1
Pokemon memes 6,1
Pokemon memes funny,1
Pokemon shaming is now a thing,1
Pokémon (Brand),1
Pokémon (TV Program),1
Pokémon (Video Game Series),1
Pokémon - Brand,1
Pokémon Go,1
Pokémon Go - Mobile game,1
Projectrevotpp,1
Rainbox Six: Siege,1
Rune Factory 4,1
San Francisco,1
Science & Technology,1
Security Research,1
Sesame Street,1
Sony,1
SteamWorld Dig,1
Street Fighter,1
The International,1
The Last Of Us,1
The PlayStation Experience,1
The Taken King,1
Titanfall,1
Transistor,1
Twitch Plays Dark Souls II,1
Twitch plays Pokemon,1
Twitch.tv,1
Valve,1
Video Games in March,1
Xbox One,1
Xur,1
adult swim games,1
allan cecil,1
and Pokemon general,1
archiveteam,1
battle,1
belfield,1
best Pokemon memes,1
book,1
books,1
bort,1
comedy,1
comics,1
comments,1
Dec3199,1
dickbutt games,1
documentaries,1
dota2 twitch,1
dublin,1
eSports,1
elf,1
ending,1
fm,1
frosty faustings,1
frosty faustings 2017,1
funniest Pokemon memes,1
funny,1
funny Pokemon memes pictures,1
funny picture,1
funny pokemon pictures,1
game freak,1
game of the year,1
game of the year candidates,1
gameplay pokemon go,1
games,1
gaming news,1
gential jousting,1
goat,1
goty,1
goty 2016,1
grand theft auto lawsuit,1
gta v lindsay lohan,1
guilty gear,1
guilty gear xrd,1
guilty gear xrd revelator,1
guy 5,1
heathstone twitch,1
ips,1
irc,1
ireland,1
kingdom hearts,1
league of legends,1
league of legends twitch,1
lindsay lohan gta v,1
lindsay lohan in gta v,1
live,1
majora's mask,1
megaman,1
megaman 2.5d,1
mindcrack,1
moemon,1
most popular twitch,1
movies,1
nerd,1
new episode,1
nintendo,1
obsidian entertainment,1
oqt,1
patch,1
penis games,1
pmd,1
pokemon center japan,1
pokemon go,1
pokemon go android,1
pokemon go battle,1
pokemon go descargar,1
pokemon go trailer,1
pokemon red,1
pokémon,1
pokémon red,1
radio,1
red,1
regional observations,1
rise and shine,1
robots,1
rocket league twitch,1
save,1
sex simulator,1
sgm,1
small podcast,1
speed run,1
speed runs,1
speedrun,1
speedruns,1
star wars trials of tatooine vr,1
student,1
talk show,1
tasbots,1
tech,1
technology,1
television,1
the lifecast,1
top 5 list,1
touhou,1
tppx.herokuapp.com,1
traveling woes,1
trials of tatooine vr,1
twitch makes game,1
twitch plays Pokemon memes,1
twitch plays pokémon,1
twitch stream,1
twitch stream first,1
ucd,1
videogames,1
viet crystal,1
virtual reality rollercoaster,1
vr rollercoaster,1
xd minglee,1
youtube,1